method,MAE,RMSE,Training_R^2,R^2,Adj_R^2
market_features,0.7801248553569761,1.0420604543858378,0.5825808594362837,-0.1723995084253721,-4.5688976650205175
market_features+ground_truth,0.9905691995499474,1.290315383837763,0.7412936006956213,-1.0984384042274384,
market_features+bert,1.3045694697962449,1.7723768196684908,0.7403399533516537,-3.170397705892936,
market_features+finbert,1.0657598364759668,1.3560413937037343,0.7430429659090677,-1.1448173356861957,
