method,MAE,RMSE,Training_R^2,R^2,Adj_R^2,coefs,residuals
market_features,0.7801248553569761,1.0420604543858378,0.5825808594362837,-0.17239950842537213,-4.5688976650205175,"[[-0.06222124175068618, -0.050109598071889985, -0.024091818830817187], [0.01688895972478658, -0.03723045342311402, 0.1972181312965604], [-0.022925911472699838, 0.05279659658693183, 0.07614892474276899]]","[-0.08071361591123505, -0.0915900735991147, -0.045024407592798174]"
market_features+ground_truth,0.9905691995499474,1.290315383837763,0.7412936006956213,-1.0984384042274384,,"[[0.04499475381481451, -0.08700723869157709, 0.027142890262781327, -0.06473836620986287, 0.03139449461129919], [0.019818070608790823, -0.04183478018242864, -0.01214156976881521, 0.022824103792431744, 0.1711264933489959], [0.12358075964227248, -0.21038364127190237, -0.006993122297576612, 0.024973030381943415, 0.03417857237280444]]","[-0.1179722083226285, 0.11361390012716063, 0.06442006721577467]"
market_features+bert,1.3045694697962449,1.7723768196684908,0.7403399533516537,-3.1703977058929356,,"[[0.0511221097021289, -0.03132869281641272, 0.01351538427927349, 0.0768879749516366, -0.004351676101611754], [-0.018351721040005823, 0.02316449317952227, -0.0920145087423527, 0.01339561285544163, 0.20500257164316116], [-0.02040790797785536, -0.07342209115810024, 0.10405880437457796, -0.0849154885797784, -0.061418682191224684]]","[-0.9091782557036769, -0.05938148804443691, 0.22425842053424971]"
market_features+finbert,1.0657598364759668,1.3560413937037343,0.7430429659090677,-1.1448173356861955,,"[[-0.04723047187753531, -0.12053160792842152, 0.20605215004317573, 0.3109494515659907, -0.14172109113651246], [-0.09731985357779757, 0.02390043370084648, 0.08983976954807607, -0.16440459914711575, 0.11882415256200636], [-0.0684135525500637, -0.10600998502032263, 0.05859750743296695, 0.013123916900606764, -0.026569201557180178]]","[-0.09989369487147468, -0.051475499868132865, -0.3743077147531664]"
