Input/Output,Return,Volatility,Log_Volume
Return,0.00010472086915392861,0.00018729920890453168,0.0001848761602735139
Volatility,7.347968752926143e-05,0.0008246460179359303,-0.0006903654842937291
Log_Volume,-0.0001237539909998413,-0.001834046289871295,-0.00042286200314809385
ground_truth_avg,-0.00011369170962217468,-0.0002712508917342323,0.0003048244875315631
ground_truth_std,-6.617397517265297e-05,0.0022945692179350006,-0.0004508347791938362
