accuracy,precision_weighted,recall_weighted,f1_weighted,class_0_precision,class_0_recall,class_0_f1,class_0_support,class_1_precision,class_1_recall,class_1_f1,class_1_support,class_2_precision,class_2_recall,class_2_f1,class_2_support
0.4192316869482224,0.5642800384477155,0.4192316869482224,0.3652978320790609,0.46153846153846156,0.03550295857988166,0.06593406593406594,169,0.6818181818181818,0.19622931896883417,0.30475052285628923,2599,0.3618075801749271,0.8721011946591708,0.5114362250154544,1423
