accuracy,precision_weighted,recall_weighted,f1_weighted,class_0_precision,class_0_recall,class_0_f1,class_0_support,class_1_precision,class_1_recall,class_1_f1,class_1_support,class_2_precision,class_2_recall,class_2_f1,class_2_support
0.34621808637556667,0.5506688513178953,0.34621808637556667,0.21151117011132764,0.07588532883642496,0.26627218934911245,0.11811023622047244,169,0.671875,0.01654482493266641,0.03229440480660909,2599,0.38568194680249007,0.9578355586788475,0.5499293927778899,1423
