eval_loss,eval_accuracy,eval_precision_weighted,eval_recall_weighted,eval_f1_weighted,eval_class_0_precision,eval_class_0_recall,eval_class_0_f1,eval_class_0_support,eval_class_1_precision,eval_class_1_recall,eval_class_1_f1,eval_class_1_support,eval_class_2_precision,eval_class_2_recall,eval_class_2_f1,eval_class_2_support,eval_runtime,eval_samples_per_second,eval_steps_per_second,epoch
1.3931822776794434,0.49964209019327127,0.593817519364376,0.49964209019327127,0.49672576723719786,0.15846994535519127,0.17159763313609466,0.16477272727272727,169,0.7252906976744186,0.38399384378607154,0.5021383647798742,2599,0.4053951367781155,0.7498243148278285,0.5262638717632553,1423,12.5052,335.14,41.902,5.0
