eval_loss,eval_accuracy,eval_precision_weighted,eval_recall_weighted,eval_f1_weighted,eval_class_0_precision,eval_class_0_recall,eval_class_0_f1,eval_class_0_support,eval_class_1_precision,eval_class_1_recall,eval_class_1_f1,eval_class_1_support,eval_class_2_precision,eval_class_2_recall,eval_class_2_f1,eval_class_2_support,eval_runtime,eval_samples_per_second,eval_steps_per_second,epoch
1.5580790042877197,0.4931997136721546,0.607288750732194,0.4931997136721546,0.4842694991426615,0.1417624521072797,0.21893491124260356,0.17209302325581396,169,0.7416943521594684,0.34359368988072336,0.4696292400736261,2599,0.41709464416727804,0.7990161630358398,0.5480838756326826,1423,11.8947,352.342,44.053,5.0
