accuracy,precision_weighted,recall_weighted,f1_weighted,class_0_precision,class_0_recall,class_0_f1,class_0_support,class_1_precision,class_1_recall,class_1_f1,class_1_support,class_2_precision,class_2_recall,class_2_f1,class_2_support
0.3416845621570031,0.7491957887074062,0.3416845621570031,0.1776891470042204,0.3235294117647059,0.0650887573964497,0.10837438423645321,169,1.0,0.00038476337052712584,0.0007692307692307692,2599,0.34167468719923005,0.9978917779339423,0.5090518013981,1423
