accuracy,precision_weighted,recall_weighted,f1_weighted,class_0_precision,class_0_recall,class_0_f1,class_0_support,class_1_precision,class_1_recall,class_1_f1,class_1_support,class_2_precision,class_2_recall,class_2_f1,class_2_support
0.3388212837031735,0.5346747922161361,0.3388212837031735,0.20965520852126995,0.07569141193595343,0.3076923076923077,0.12149532710280374,169,0.6461538461538462,0.016160061562139283,0.03153153153153153,2599,0.3855772026751963,0.9318341531974701,0.5454545454545454,1423
