accuracy,precision_weighted,recall_weighted,f1_weighted,class_0_precision,class_0_recall,class_0_f1,class_0_support,class_1_precision,class_1_recall,class_1_f1,class_1_support,class_2_precision,class_2_recall,class_2_f1,class_2_support
0.325697924123121,0.5486306362700449,0.325697924123121,0.2900841086044016,0.02278481012658228,0.10650887573964497,0.03753910323253389,169,0.6914660831509847,0.12158522508657175,0.20680628272251309,2599,0.3502038043478261,0.724525650035137,0.47217769635905654,1423
